,Age,BMI,Exercise_Frequency,Diet_Quality,Sleep_Hours,Smoking_Status,Alcohol_Consumption,Health_Score
count,1000.0,1000.0,1000.0,1000.0,1000.0,1000.0,1000.0,1000.0
mean,40.231984669867906,25.35418118624578,2.888,69.95297657957975,6.973134959726896,0.499,3.07937660705243,85.47994745151635
std,11.75059125815611,4.987271886137104,1.9953539629442787,14.972061374668929,1.5172175259304488,0.500249187155011,2.0845635727904113,13.633844816972685
min,1.1047919191711273,10.298056826678598,0.0,19.90749732618637,2.4311067533775823,0.0,-3.5925060239650595,29.10601733202247
25%,32.22891633445178,21.96879155486944,1.0,59.94548123709844,5.903351415895482,0.0,1.6441109790303363,76.43081864498724
50%,40.30360734681866,25.31538566164523,3.0,69.97515068272487,6.990846567381578,0.0,3.0642607633857457,87.4989964674811
75%,47.77532650567517,28.64441088515815,5.0,80.52783864169075,8.054595353851537,1.0,4.489292958215136,99.76264384030551
max,86.23277788785666,40.965537839224304,6.0,110.26518613634968,11.638961917694022,1.0,11.105100244423912,100.0
